video_url,user_url,username,title,view_num,created_at,shortdesc,collected_at
/watch?v=mj4yh7YrwfE&list=RDmj4yh7YrwfE&start_radio=1&pp=ygUHT2x5bXBpYaAHAQ%3D%3D,/channel/UC652oRUvX1onwrrZ8ADJRPw,Playboi Carti,Playboi Carti - OLYMPIAN (Official Audio),5.3M,10 months,Playboi Carti's MUSIC is available now: playboicarti.lnk.to/MUSIC Follow Playboi Carti: https://www.instagram.com/playboicarti¬†...,2026-01-30 07:14:39.383210
/watch?v=XStCQgF2szQ&pp=ygUHT2x5bXBpYQ%3D%3D,/@musclemonarchs2554,Muscle Monarchs,"Chris Cormier, Ronnie Coleman & Flex Wheeler: 3 Kings Battle for the 1999 Mr. Olympia",2.1M,5 years,"""The Real Deal"" Chris Cormier (August 19, 1967; Palm Springs, California), ""Greatest Of All Time"" Ronnie Coleman (May 13, 1964¬†...",2026-01-30 07:14:39.384666
/watch?v=4G4hm23oobg&pp=ygUHT2x5bXBpYQ%3D%3D,/@gregdoucette,Greg Doucette,2025 Shocking Mr. Olympia Finals!,305K,3 months,Apply Below To Be An HTLT Athlete: https://form.jotform.com/251895659996182 FREE VIP LIST:¬†...,2026-01-30 07:14:39.387857
/watch?v=pYGu9dUKr-o&pp=ygUHT2x5bXBpYQ%3D%3D,/@ChrisBumstead,Chris Bumstead,Returning to the Olympia Stage.,1.1M,3 months,"Link for T-Shirt Presale: https://shop.stndrd.app/collections/pre-orders/products/cbum-olympia-2025-tee Get my daily workouts,¬†...",2026-01-30 07:14:39.389287
/watch?v=58erAQaJ3GE&pp=ygUHT2x5bXBpYQ%3D%3D,/@RAIDENMOTIVATION,RAIDEN œü MOTIVATION,MUTANT BODY - NICK WALKER FULL DAY OF EATING - MR OLYMPIA 2025,243K,3 months,"A different kind of hunger that consumes thousands and thousands of calories. And it didn't come from a lab, it came from the¬†...",2026-01-30 07:14:39.392321
/watch?v=HUNxXyQKPLQ&pp=ygUHT2x5bXBpYQ%3D%3D,/@NicksStrengthandPower,Nick's Strength and Power,"2025 Mr. Olympia Finals Recap: Derek Lunsford Wins, Samson Drops to 4th, Nick Walker outside top 5",377K,3 months,mrolympia #olympia #dereklunsford Main Instagram: @NicksStrengthPower Instagram 2: @NicksStrengthandPokemon Instagram¬†...,2026-01-30 07:14:39.396456
/watch?v=eAPI7LbaodI&pp=ygUHT2x5bXBpYQ%3D%3D,/@LargeKoffi,Large Koffi,What Really Happened at the 2025 Mr. Olympia...,97K,3 months,"The good, bad, and downright confusing takeaways from the 2025 Mr. Olympia. Instagram: https://www.instagram.com/largekoffi/¬†...",2026-01-30 07:14:39.398968
/watch?v=Dgs-PH4Tkyc&pp=ygUHT2x5bXBpYQ%3D%3D,/@weightwhat_,Baldr,Mr Olympia 2025 OPEN FINALS HD FULL,297K,3 months,mrolympia2025 #mrolympia2025lasvegas #mrolympia2025live #mrolympia2025lasvegaslive #mrolympia2025classicphysique¬†...,2026-01-30 07:14:39.400234
/watch?v=ste4XJ3eNPU&pp=ygUHT2x5bXBpYQ%3D%3D,/@thelivewellhomegroup,Living In Olympia & Tacoma | Charity & Joe Slawter,"A Realistic Tour of Downtown Olympia, WA",26K,1 year,"Curious about what it's like to live in Downtown Olympia, WA? From its unique shops and restaurants to the beautiful waterfront¬†...",2026-01-30 07:14:39.402129
/watch?v=g0SOYLM-Oag&pp=ygUHT2x5bXBpYQ%3D%3D,/@OlympiaTV,OlympiaTV,Olympia TV Live Wednesday Check in,116K,Streamed 3 months,"OLYMPIA SCHEDULE 6:30PM MR. OLYMPIA, MS. OLYMPIA, WELLNESS, FITNESS & FIGURE ATHLETE MEETING LOCATION:¬†...",2026-01-30 07:14:39.404026
/watch?v=V5cNMZvIeWo&pp=ygUHT2x5bXBpYQ%3D%3D,/@gregdoucette,Greg Doucette,2025 Mr. Olympia Open Prejuding Results!,257K,3 months,Apply Below To Be An HTLT Athlete: https://form.jotform.com/251895659996182 FREE VIP LIST:¬†...,2026-01-30 07:14:39.406635
/watch?v=zHN8Jwku1Nc&pp=ygUHT2x5bXBpYQ%3D%3D,/@storiadelcinema261,Storia del Cinema,Leni Riefenstahl: Olympia -  Festival of Beauty (1936),202K,8 years,"Olympia is a 1938 German documentary film written, directed and produced by Leni Riefenstahl, documenting the 1936 Summer¬†...",2026-01-30 07:14:39.409165
/shorts/fXDOrYX44_w,/@AI_ALTRA,ALTRA,The Rise and Fall of Mr. Olympia Titans üí™üò¢ | Then vs Now #mrolympia #ronniecoleman #arnold #ai,14M,5 months,"The legendary Mr. Olympia champions who once ruled the stage‚Äî from the height of their glory to the present day, this tribute¬†...",2026-01-30 07:14:48.458151
/shorts/HBupa2SCNag,/@RonnieColeman8,Ronnie Coleman,THE KING | 8x Mr. Olympia üèÜ,16M,2 years,Subscribe: https://www.youtube.com/channel/UCly3G2YO3O0Bu3IA8c6WiqQ.,2026-01-30 07:14:48.460960
/shorts/ZHZacX4Du40,/@Officialsameem07,official sameem 07 ,SAMSON SHOCKED ü§Ø CRUNT MR OLYMPIA üèÜ BODYBUILDER AURA #samsondauda #shocking #viral #shorts #video,2M,7 months,"SAMSON SHOCKED ü§Ø CRUNT MR OLYMPIA üèÜ BODYBUILDER AURA #samsondauda #shocking #viral #shorts #video

__________________________ ...",2026-01-30 07:14:48.462166
/watch?v=rQZDIWdfXow&pp=ygUHT2x5bXBpYQ%3D%3D,/@laura-bronner,Laura Bronner,"Ancient Olympia, Greece üá¨üá∑ The World's First Stadium",24K,2 years,A trip to Ancient Olympia Greece is something I have wanted to do for so long! It is packed with history including the first stadium in¬†...,2026-01-30 07:14:48.466577
/watch?v=Hn60BPKXxns&pp=ygUHT2x5bXBpYQ%3D%3D,/@ZemFitness,Zem Fitness,Mr. Olympia 2025‚ö°Full Lineup Result & Analysis | THIS IS BUSINESSüì¢,51K,3 months,Mr. Olympia 2025 - Full Lineup Result & Analysis of 20 Contestants - THIS IS BUSINESS Hadi Choopan stepped on stage¬†...,2026-01-30 07:14:48.467877
/watch?v=MPkTT9hJHqk&pp=ygUHT2x5bXBpYQ%3D%3D,/@NicksStrengthandPower,Nick's Strength and Power,2025 Mr. Olympia Prejudging Recap,316K,3 months,mrolympia #olympia #samsondauda www.arnoldsports.com/arcade Main Instagram: @NicksStrengthPower Instagram 2:¬†...,2026-01-30 07:14:48.469130
/shorts/vKeQpU7GPLo,/@excelerate.official,EXCELERATE,Ramon Dino Finally Won The Mr Olympia‚Ä¶ü•πü¶ñ,3.2M,3 months,"For years, Ramon Dino stood on the stage as the runner-up, always so close but never the winner. He was doubted, counted out,¬†...",2026-01-30 07:14:48.470356
/watch?v=xP3oesdXUVE&pp=ygUHT2x5bXBpYQ%3D%3D,/@VintageGenetics,Wesley Vissers,"The Olympia judging, do I agree?!",114K,3 months,"Today, I'm sharing my thoughts on the judging of the Mr. Olympia Classic Physique and Open Class divisions. The most¬†...",2026-01-30 07:14:48.473657
/watch?v=q8TYAE1UHwA&pp=ygUHT2x5bXBpYQ%3D%3D,/@LauralieChapadosIFBBPro,Lauralie Chapados,"MS BIKINI OLYMPIA | Ep. 11: No Narration, No Filter, Just Prep (2 Weeks Out)",78K,3 months,"Join in this mellow but intimate Day in the Life episode, just 2 weeks out from the 2025 Olympia. This one isn't about high¬†...",2026-01-30 07:14:48.474900
/watch?v=dL6t6Ty4wAY&pp=ygUHT2x5bXBpYQ%3D%3D,/@3DOlympia,3D Olympia,MR OLYMPIA 2025 - 2 WEEKS OUT ‚ùóWho‚Äôs Really Winning Mr Olympia‚ùì,17K,4 months,Get ready for the most exciting bodybuilding showdown ever ‚Äì the MR OLYMPIA 2025! In this video we reveal the complete MR¬†...,2026-01-30 07:14:48.476009
/watch?v=AwlND63OWl8&pp=ygUHT2x5bXBpYQ%3D%3D,/@ChrisWillx,Chris Williamson,How Quickly Does An Olympia Physique Fall Apart? - Chris Bumstead,480K,3 months,Go see Chris live in America - https://chriswilliamson.live Chris and Chris Bumstead discuss how long an Olympic-level physique¬†...,2026-01-30 07:14:48.477442
/watch?v=Q6FtGzt1hxM&pp=ygUHT2x5bXBpYQ%3D%3D,/@OlympiaTV,OlympiaTV,Mr Olympia 2025 Classic Physique,180K,2 months,Ramon Dino and Mike Summerfeld were the last two men standing at the 2025 Mr Olympia.,2026-01-30 07:14:48.478552
/watch?v=LSLITRUecOo&list=RDLSLITRUecOo&start_radio=1&pp=ygUHT2x5bXBpYaAHAQ%3D%3D,/channel/UCvCfRGvwzOBO7hat21DGRPQ,Paul Kalkbrenner,Paul Kalkbrenner live @ Paris L'Olympia,1.8M,3 years,For more information about @paulkalkbrenner check out: Facebook: https://www.facebook.com/paulkalkbrenner Instagram:¬†...,2026-01-30 07:14:48.479727
/shorts/qTyNUeXpFyE,/@Officialsameem07,official sameem 07 ,ARNOLD POSE ü•∂ FATHER OF BODYBUILDING ‚≠ï OLD OLYMPIA CHAMPION #arnoldschwarzenegger #shorts#edit#video,37M,8 months,ARNOLD POSE FATHER OF BODYBUILDING ‚≠ï OLD OLYMPIA CHAMPION #arnoldschwarzenegger #shorts#edit#video¬†...,2026-01-30 07:14:48.485280
/watch?v=m2LkpP8KUgs&pp=ygUHT2x5bXBpYQ%3D%3D,/@OlympiaTV,OlympiaTV,Olympia Friday Night Pre-Show,187K,Streamed 3 months,"Tim Wilkins and Phil Heath cover all the major storylines from Olympia Weekend, with a few special guest appearances.",2026-01-30 07:14:48.486451
/watch?v=EleghlDp-CI&pp=ygUHT2x5bXBpYQ%3D%3D,/@scenicroutestothepast,Scenic Routes to the Past,An Archaeological Tour of Olympia,17K,2 weeks,"A short of tour of the archaeological site of Olympia, home of the Olympic Games for more than a millennium. My upcoming group¬†...",2026-01-30 07:14:48.488163
/shorts/8oFiJeBhHN4,/@RZONE_BOY,RZONE,HADICHOOPAN AURAü•∂MR OLYMPIA CHAMPION üèÜ BODYBUILDING ENTRY‚õî#hadichoopan #olympia  #viral #shorts #fyp,36M,7 months,HADICHOOPAN AURA  MR OLYMPIA CHAMPION BODYBUILDING ENTRY‚õî#hadichoopan #olympia #viral #shorts #fyp,2026-01-30 07:14:56.184693
/watch?v=NnGGT5mJqQ0&pp=ygUHT2x5bXBpYdIHCQmRCgGHKiGM7w%3D%3D,/@hanyrambod_FST7,Hany Rambod,Mr. Olympia 2025 Open Bodybuilding Press Conference,131K,3 months,Get Access to my Workouts for only $1 use code ‚ÄúHANYYT‚Äù on my FST-7 App https://www.hanyrambod.com/fst7/ Evogen Nutrition:¬†...,2026-01-30 07:14:56.185978
/watch?v=HOYWbCRDYAE&list=RDHOYWbCRDYAE&start_radio=1&pp=ygUHT2x5bXBpYaAHAQ%3D%3D,/@pastemagazine,Paste Magazine,Molly Tuttle - Olympia WA (Rancid) - 12/2/2020 - Paste Studio NVL - Nashville TN,113K,5 years,Molly Tuttle - Olympia WA (Rancid) Recorded Live - Paste Studio NVL - Nashville TN More Molly Tuttle:¬†...,2026-01-30 07:14:56.187426
/watch?v=oArfi3ibFjc&pp=ygUHT2x5bXBpYQ%3D%3D,/@CutlerCast,Cutler Cast,#181 - 2025 Mr. Olympia aftermath - Jay Cutler | Milos Sarcev,98K,3 months,"In Episode 181, Jay and Matt bring back on Milos Sarcev break down the 2025 Mr Olympia open class. Did you agree with the¬†...",2026-01-30 07:14:56.189897
/watch?v=RD-WgNYkRYQ&pp=ygUHT2x5bXBpYQ%3D%3D,/@NPCNewsOnline,NPCNewsOnline,2024 IFBB Classic Physique Olympia Prejudging Comparisons 4K Video,383K,1 year,For your holiday viewing pleasure . . . Watch our HD 4K 50 minute video of the Full Prejudging Comparisons of the 2024 IFBB Pro¬†...,2026-01-30 07:14:56.193724
/shorts/3uRHMtVPbgs,/@SnapMaromba,Snap Maromba,RAMON DINO UNSTOPPABLE OLYMPIA 2025 MOMENT! üî•,1.2M,3 months,You absolutely HAVE to see this! Brazilian Phenom Ramon Dino brings a jaw-dropping Classic Physique to the Mr. Olympia 2025 ...,2026-01-30 07:14:56.197375
/shorts/ZazcgNCVAfA,/@RZONE_BOY,RZONE,BODYBUILER LEGENDS ü•∂ME OLYMPIA CHAMPIONS üèÜHADI CHOOPAN üëë#hadichoopan #bodybuilding #shorts #fyp,1.3M,7 months,BODYBUILER LEGENDS ME OLYMPIA CHAMPIONS HADI CHOOPAN #hadichoopan #bodybuilding #shorts #fyp,2026-01-30 07:14:56.198743
/watch?v=SiARr9JhLEo&list=RDSiARr9JhLEo&start_radio=1&pp=ygUHT2x5bXBpYaAHAQ%3D%3D,/@Zycopolis,Zycopolis TV,Ahmad Jamal - Poinciana - Olympia Paris - LIVE,8.4M,13 years,Enjoy this video in HD : https://www.youtube.com/watch?v=cytUz9KkK9M&list=UUynDWen7sleNWJDZ3MBcHEA Enjoy the live of¬†...,2026-01-30 07:14:56.200042
/watch?v=_3gzmUakZnk&pp=ygUHT2x5bXBpYQ%3D%3D,/@integralmedica,INTEGRAL TV,MR.OLYMPIA 2025 CLASSIC FINALS!! FULL RAMON DINO PRESENTATION | *4k clashes*,536K,3 months,"Watch the Classic category finals in 4K!!
Subscribe and leave your like and positive comment!!

SIGN UP HERE TO RECEIVE ...",2026-01-30 07:14:56.202906
/shorts/KesnDdb1TT8,/@Dylan_1405,Dylan 1405,"Aliz√©e - ""Moi Lolita"" - Paris Olympia 2025",269K,4 months,Aliz√©e #Alizee #lolita #moilolita #gourmandise #mylenefarmer #live #music #Paris #olympia #25ansdeja.,2026-01-30 07:14:56.205205
/shorts/ij3-Ta1616c,/@SamSulek_Life,Sam Sulek Life,SAM SULEK FIRST SHOW VS CBUM FIRST OLYMPIA #samsulek #cbum,5.1M,11 months,"sam sulek,mr olympia,cbum,sam sulek diet,sam sulek back,sam sulek chest,sam sulek eating,sam sulek workout,sam sulek peds¬†...",2026-01-30 07:14:56.206437
/watch?v=Z5J77PO_hBY&pp=ygUHT2x5bXBpYQ%3D%3D,/@3DOlympia,3D Olympia,RAMON DINO WINS 2025 OLYMPIA CLASSIC PHYSIQUE ‚ùó,152K,3 months,Ramon Dino Wins Classic Physique Olympia 2025! The moment every bodybuilding fan was waiting for is finally here ‚Äî Ramon¬†...,2026-01-30 07:14:56.207690
/shorts/4WYevPxcxKo,/@Sahil.sahab999,Sahil X Gym,Hadi Choopan üáÆüá∑üò± Arnold‚Äôs Pick | Absolute Domination on Olympia Stage #bodybuilding #shorts,142K,15 hours,When absolute power earns a legend's approval. This Mr Olympia stage moment showcases Hadi Choopan's ruthless dominance¬†...,2026-01-30 07:14:56.209122
/watch?v=ejNJrdlzrrY&list=RDejNJrdlzrrY&start_radio=1&pp=ygUHT2x5bXBpYaAHAQ%3D%3D,/channel/UCosb-myDZ_IvgE7EksAYSJA,Think Zik !,Imany - You will never know (Olympia de Paris),49M,7 years,MY NEW ALBUM VOODOO CELLO IS OUT NOW : https://imany.lnk.to/VoodooCello MON NOUVEL ALBUM VOODOO CELLO¬†...,2026-01-30 07:15:05.018725
/shorts/Ps8EvAU0hsU,/@PumpingSweat,Pumping Sweat,Nick Walker | Mr. Olympia 2025 | Mutant | Rising Nick Walker | Mr olympia,48M,1 year,Nick Walker | Mr. Olympia 2025 | Mutant | Rising Nick Walker | Mr olympia Nick Walker Wins Mr. Olympia 2025 Title? #nickwalker¬†...,2026-01-30 07:15:05.020356
/watch?v=YFxRcB0lWnQ&pp=ygUHT2x5bXBpYQ%3D%3D,/@weightwhat_,Baldr,Mr Olympia 2025 Press Conference Live,26K,Streamed 3 months,mrolympia2025 #mrolympia2025live #mrolympia2025 #mrolympia2025live #mrolympia2025pressconference¬†...,2026-01-30 07:15:05.022652
/watch?v=RZUKablt-A4&pp=ygUHT2x5bXBpYQ%3D%3D,/@DoTravel1,DoTravel,"Top 10 Best Things to Do in Olympia, Washington - Travel Guide 2024",11K,1 year,"Welcome to our channel, where we explore the best things to do in Olympia! Located in the beautiful state of Washington, Olympia¬†...",2026-01-30 07:15:05.025611
/shorts/TjKpJ2OBpRo,/@theterriblepanda,terrible panda,Olympia vs. M14.. #callofduty #cod #blackops,4.3M,3 months,Look I know the Olympia gang is very strong but let's really figure this out round 30 both weapons upgraded the M14 versus the¬†...,2026-01-30 07:15:05.030113
/watch?v=89nIN1IT304&list=RD89nIN1IT304&start_radio=1&pp=ygUHT2x5bXBpYaAHAQ%3D%3D,/@hardlive2884,HardLive,Bullet For My Valentine - Live @ L'Olympia (2023),1.2M,2 years,"Paris, France 31.01.2023 00:00 - Hearts Burst Into Fire 04:38 - Suffocating Under Words Of Sorrow 08:21 - pre-TDF [audience]¬†...",2026-01-30 07:15:05.031223
/shorts/fiuHImn4Npc,/@sunilkasana4947,Bodybuilding Guru India ,Jeremy buendia Mr Olympia 2O25 Men'sPhysique Prejudging #shorts,28K,3 months,Jeremy buendia Mr Olympia 2O25 Men'sPhysique Prejudging #shorts #olympia #menphysique.,2026-01-30 07:15:05.035886
/shorts/SOCmQuTe10c,/@OSGFitness,OLD SCHOOL GLORY,JAY CUTLER VS. RONNIE COLEMAN ‚Äî MR. OLYMPIA COMEBACKüèÜ #shorts #bodybuilding #gym #jaycutler,30M,2 years,Jay Cutler you solemnly swear From This Moment forward I will never lose again Mr Olympia also um.,2026-01-30 07:15:05.038162
/watch?v=EWOiWjWC3_E&list=RDEWOiWjWC3_E&start_radio=1&pp=ygUHT2x5bXBpYaAHAdIHCQmRCgGHKiGM7w%3D%3D,/@EmilyDavisOfficial,Emily Davis,"Rancid - Olympia, WA (Emily Davis + @jennfiorentino + @ThePunkCellist)",89K,4 years,Supremely honored to work once more with Jenn Fiorentino and Ian Legge (The Punk Cellist) on this cover! Check out our¬†...,2026-01-30 07:15:05.039318
/shorts/pA3L2gEsAkQ,/@KingdomOfShreddeds,Kingdom Of Shreddeds,Ronnie Coleman in 1999 Mr.Olympia Was On Another Level üíÄüî•#shorts  #bodybuilding #ronniecoleman,1.7M,1 year,8 TIMES MR OLYMPIA Ronnie Coleman held the Mr. Olympia title 8 times; tied for the most of all time. He claimed victory in the¬†...,2026-01-30 07:15:05.048134
/watch?v=b4jOr1KcZf0&list=RDb4jOr1KcZf0&start_radio=1&pp=ygUHT2x5bXBpYaAHAQ%3D%3D,/channel/UCQqC08JWnJGJIgw43XJ0GXw,Cory Wong,"Cory Wong // ""Olympia""",227K,3 years,check out my music here ‚Üí https://woooong.com/spotify learn guitar from me ‚Üí https://woooong.com/guitarcourse buy charts of¬†...,2026-01-30 07:15:05.049405
/shorts/szkm32gRN-c,/@OlympiaTV,OlympiaTV,CBUM POSING BACKSTAGE BEFORE 2024 60TH MR OLYMPIA,1.1M,1 year,CBUM CHRIS BUMSTEAD OLYMPIA CLASSIC PHYSIQUE.,2026-01-30 07:15:05.052330
/shorts/niyuCvc4Er8,/@OvercomeCast,Overcome Cast,Lee Priest: NICK Walker can WIN the Olympia!,148K,5 months,https://instagram.com/overcome.podcast https://instagram.com/austrian_powers Coaching: https://tinyurl.com/mbhywrjz DONATE:¬†...,2026-01-30 07:15:05.057626
